--------------------------------------------------------
--  File created - Tuesday-December-27-2022   
--------------------------------------------------------
REM INSERTING into APPLICATIONS
SET DEFINE OFF;
Insert into APPLICATIONS (ID,CODE,NAME,DESCRIPTION,USER_ID,LAST_CHANGE_DATE) values (1,'TMSHUB','TMSHUB','Transportaion Hub','asrajag',to_date('2022-11-29 16:41:18','YYYY-MM-DD HH24:MI:SS'));
Insert into APPLICATIONS (ID,CODE,NAME,DESCRIPTION,USER_ID,LAST_CHANGE_DATE) values (2,'WMSHUB','WMSHUB','WMS Hub','asrajag',to_date('2022-11-29 16:41:19','YYYY-MM-DD HH24:MI:SS'));
Insert into APPLICATIONS (ID,CODE,NAME,DESCRIPTION,USER_ID,LAST_CHANGE_DATE) values (3,'WMSLT','WMSLT','WMS Light','asrajag',to_date('2022-11-29 16:41:19','YYYY-MM-DD HH24:MI:SS'));
Insert into APPLICATIONS (ID,CODE,NAME,DESCRIPTION,USER_ID,LAST_CHANGE_DATE) values (4,'OMS','OMS','Order Management System','asrajag',to_date('2022-11-29 16:41:19','YYYY-MM-DD HH24:MI:SS'));
REM INSERTING into CYCLES
SET DEFINE OFF;
Insert into CYCLES (ID,CODE,DESCRIPTION,USER_ID,LAST_CHANGE_DATE) values (1,'ON_DEMAND','On Demand','asrajag',to_date('2022-11-29 17:00:01','YYYY-MM-DD HH24:MI:SS'));
Insert into CYCLES (ID,CODE,DESCRIPTION,USER_ID,LAST_CHANGE_DATE) values (2,'DAILY','Daily','asrajag',to_date('2022-11-29 17:00:01','YYYY-MM-DD HH24:MI:SS'));
Insert into CYCLES (ID,CODE,DESCRIPTION,USER_ID,LAST_CHANGE_DATE) values (3,'WEEKDAYS','Week Days','asrajag',to_date('2022-11-29 17:00:02','YYYY-MM-DD HH24:MI:SS'));
Insert into CYCLES (ID,CODE,DESCRIPTION,USER_ID,LAST_CHANGE_DATE) values (4,'WEEKENDS','Week Ends','asrajag',to_date('2022-11-29 17:00:02','YYYY-MM-DD HH24:MI:SS'));
Insert into CYCLES (ID,CODE,DESCRIPTION,USER_ID,LAST_CHANGE_DATE) values (5,'WEEKLY','Weekly','asrajag',to_date('2022-11-29 17:00:02','YYYY-MM-DD HH24:MI:SS'));
Insert into CYCLES (ID,CODE,DESCRIPTION,USER_ID,LAST_CHANGE_DATE) values (6,'MONTHLY','Monthly','asrajag',to_date('2022-11-29 20:57:00','YYYY-MM-DD HH24:MI:SS'));
Insert into CYCLES (ID,CODE,DESCRIPTION,USER_ID,LAST_CHANGE_DATE) values (7,'QUARTERLY','Quarterly','asrajag',to_date('2022-11-29 20:57:00','YYYY-MM-DD HH24:MI:SS'));
Insert into CYCLES (ID,CODE,DESCRIPTION,USER_ID,LAST_CHANGE_DATE) values (8,'HALF_YEARLY','Half Yearly','asrajag',to_date('2022-11-29 20:57:00','YYYY-MM-DD HH24:MI:SS'));
Insert into CYCLES (ID,CODE,DESCRIPTION,USER_ID,LAST_CHANGE_DATE) values (9,'ANNUAL','Annual','asrajag',to_date('2022-11-29 20:57:00','YYYY-MM-DD HH24:MI:SS'));
Insert into CYCLES (ID,CODE,DESCRIPTION,USER_ID,LAST_CHANGE_DATE) values (10,'BIMONTHLY_1','Twice a Month','asrajag',to_date('2022-11-29 20:57:00','YYYY-MM-DD HH24:MI:SS'));
Insert into CYCLES (ID,CODE,DESCRIPTION,USER_ID,LAST_CHANGE_DATE) values (11,'BIMONTHLY_2','Once in Two Months','asrajag',to_date('2022-11-29 20:57:00','YYYY-MM-DD HH24:MI:SS'));
Insert into CYCLES (ID,CODE,DESCRIPTION,USER_ID,LAST_CHANGE_DATE) values (12,'5_MINUTES','Minutes','asrajag',to_date('2022-11-29 21:09:05','YYYY-MM-DD HH24:MI:SS'));
Insert into CYCLES (ID,CODE,DESCRIPTION,USER_ID,LAST_CHANGE_DATE) values (13,'30_MINUTES','Minutes','asrajag',to_date('2022-11-29 21:09:05','YYYY-MM-DD HH24:MI:SS'));
Insert into CYCLES (ID,CODE,DESCRIPTION,USER_ID,LAST_CHANGE_DATE) values (14,'1_HOURS','Hours','asrajag',to_date('2022-11-29 21:09:05','YYYY-MM-DD HH24:MI:SS'));
Insert into CYCLES (ID,CODE,DESCRIPTION,USER_ID,LAST_CHANGE_DATE) values (15,'2_HOURS','Hours','asrajag',to_date('2022-11-29 21:09:05','YYYY-MM-DD HH24:MI:SS'));
Insert into CYCLES (ID,CODE,DESCRIPTION,USER_ID,LAST_CHANGE_DATE) values (16,'6_HOURS','Hours','asrajag',to_date('2022-11-29 21:09:06','YYYY-MM-DD HH24:MI:SS'));
Insert into CYCLES (ID,CODE,DESCRIPTION,USER_ID,LAST_CHANGE_DATE) values (17,'12_HOURS','Hours','asrajag',to_date('2022-11-29 21:09:06','YYYY-MM-DD HH24:MI:SS'));
Insert into CYCLES (ID,CODE,DESCRIPTION,USER_ID,LAST_CHANGE_DATE) values (18,'ALT_DAYS_1','M,W,F','asrajag',to_date('2022-11-29 21:09:06','YYYY-MM-DD HH24:MI:SS'));
Insert into CYCLES (ID,CODE,DESCRIPTION,USER_ID,LAST_CHANGE_DATE) values (19,'ALT_DAYS_2','TU,TH','asrajag',to_date('2022-11-29 21:09:06','YYYY-MM-DD HH24:MI:SS'));
Insert into CYCLES (ID,CODE,DESCRIPTION,USER_ID,LAST_CHANGE_DATE) values (20,'ALT_DAYS_3','SU,TU,F,','asrajag',to_date('2022-11-29 21:09:06','YYYY-MM-DD HH24:MI:SS'));
Insert into CYCLES (ID,CODE,DESCRIPTION,USER_ID,LAST_CHANGE_DATE) values (21,'ALT_DAYS_4','M,W,TH,SA','asrajag',to_date('2022-11-29 21:09:06','YYYY-MM-DD HH24:MI:SS'));
Insert into CYCLES (ID,CODE,DESCRIPTION,USER_ID,LAST_CHANGE_DATE) values (22,'1ST_OF_MONTH','First of the Month','asrajag',to_date('2022-12-01 09:21:08','YYYY-MM-DD HH24:MI:SS'));
Insert into CYCLES (ID,CODE,DESCRIPTION,USER_ID,LAST_CHANGE_DATE) values (23,'LAST_DAY_OF_MONTH','Last Day of the Month','asrajag',to_date('2022-12-01 09:21:08','YYYY-MM-DD HH24:MI:SS'));
Insert into CYCLES (ID,CODE,DESCRIPTION,USER_ID,LAST_CHANGE_DATE) values (24,'MID_MONTH','Middle of the Month','asrajag',to_date('2022-12-01 09:51:21','YYYY-MM-DD HH24:MI:SS'));
REM INSERTING into DATA_TYPES
SET DEFINE OFF;
Insert into DATA_TYPES (ID,DESCRIPTION,USER_ID,LAST_CHANGE_DATE) values (1,'NUMBER','asrajag',to_date('2022-11-30 07:20:15','YYYY-MM-DD HH24:MI:SS'));
Insert into DATA_TYPES (ID,DESCRIPTION,USER_ID,LAST_CHANGE_DATE) values (2,'VARCHAR2','asrajag',to_date('2022-11-30 07:20:15','YYYY-MM-DD HH24:MI:SS'));
Insert into DATA_TYPES (ID,DESCRIPTION,USER_ID,LAST_CHANGE_DATE) values (3,'DATE','asrajag',to_date('2022-11-30 07:20:16','YYYY-MM-DD HH24:MI:SS'));
Insert into DATA_TYPES (ID,DESCRIPTION,USER_ID,LAST_CHANGE_DATE) values (4,'TIMESTAMP','asrajag',to_date('2022-11-30 07:20:16','YYYY-MM-DD HH24:MI:SS'));
Insert into DATA_TYPES (ID,DESCRIPTION,USER_ID,LAST_CHANGE_DATE) values (5,'CLOB','asrajag',to_date('2022-11-30 07:20:16','YYYY-MM-DD HH24:MI:SS'));
Insert into DATA_TYPES (ID,DESCRIPTION,USER_ID,LAST_CHANGE_DATE) values (6,'RAW','asrajag',to_date('2022-11-30 07:20:16','YYYY-MM-DD HH24:MI:SS'));
REM INSERTING into DAYS_OF_THE_WEEK
SET DEFINE OFF;
Insert into DAYS_OF_THE_WEEK (ID,CODE,DESCRIPTION,USER_ID,LAST_CHANGE_DATE) values (1,'SUN','Sunday','asrajag',to_date('2022-11-30 20:08:43','YYYY-MM-DD HH24:MI:SS'));
Insert into DAYS_OF_THE_WEEK (ID,CODE,DESCRIPTION,USER_ID,LAST_CHANGE_DATE) values (2,'MON','Monday','asrajag',to_date('2022-11-30 20:08:43','YYYY-MM-DD HH24:MI:SS'));
Insert into DAYS_OF_THE_WEEK (ID,CODE,DESCRIPTION,USER_ID,LAST_CHANGE_DATE) values (3,'TUE','Tuesday','asrajag',to_date('2022-11-30 20:08:44','YYYY-MM-DD HH24:MI:SS'));
Insert into DAYS_OF_THE_WEEK (ID,CODE,DESCRIPTION,USER_ID,LAST_CHANGE_DATE) values (4,'WED','Wednesday','asrajag',to_date('2022-11-30 20:08:44','YYYY-MM-DD HH24:MI:SS'));
Insert into DAYS_OF_THE_WEEK (ID,CODE,DESCRIPTION,USER_ID,LAST_CHANGE_DATE) values (5,'THU','Thursday','asrajag',to_date('2022-11-30 20:08:44','YYYY-MM-DD HH24:MI:SS'));
Insert into DAYS_OF_THE_WEEK (ID,CODE,DESCRIPTION,USER_ID,LAST_CHANGE_DATE) values (6,'FRI','Friday','asrajag',to_date('2022-11-30 20:08:44','YYYY-MM-DD HH24:MI:SS'));
Insert into DAYS_OF_THE_WEEK (ID,CODE,DESCRIPTION,USER_ID,LAST_CHANGE_DATE) values (7,'SAT','Saturday','asrajag',to_date('2022-11-30 20:08:44','YYYY-MM-DD HH24:MI:SS'));
REM INSERTING into EVENT_DEFINITIONS
SET DEFINE OFF;
Insert into EVENT_DEFINITIONS (ID,DESCRIPTION,PROCEDURE_NAME,USER_ID,LAST_CHANGE_DATE) values (1,'Load Purchase Order','WMSHUB_CODE.XXMCL_WMS_MK_PROD_ASN_IB_OB_PKG.WMS_ASN_EBS_OUTB_MH_PRC','asrajag',to_date('2022-12-01 09:31:36','YYYY-MM-DD HH24:MI:SS'));
REM INSERTING into EVENT_GROUP_ORGANIZATION_DEFAULTS
SET DEFINE OFF;
Insert into EVENT_GROUP_ORGANIZATION_DEFAULTS (GROUP_ID,EVENT_DEFINITION_ID,EVENT_SEQUENCE,ORGANIZATION_ID,PREFERRED_RUN_TM,CREATE_USER_ID,CREATE_DATE,LAST_UPDATE_USER_ID,LAST_CHANGE_DATE) values (1,1,1,4,to_date('2022-12-01 07:05:00','YYYY-MM-DD HH24:MI:SS'),'asrajag',to_date('2022-12-01 09:33:51','YYYY-MM-DD HH24:MI:SS'),'asrajag',to_date('2022-12-01 09:33:51','YYYY-MM-DD HH24:MI:SS'));
Insert into EVENT_GROUP_ORGANIZATION_DEFAULTS (GROUP_ID,EVENT_DEFINITION_ID,EVENT_SEQUENCE,ORGANIZATION_ID,PREFERRED_RUN_TM,CREATE_USER_ID,CREATE_DATE,LAST_UPDATE_USER_ID,LAST_CHANGE_DATE) values (1,1,1,5,to_date('2022-12-01 07:05:00','YYYY-MM-DD HH24:MI:SS'),'asrajag',to_date('2022-12-01 09:34:14','YYYY-MM-DD HH24:MI:SS'),'asrajag',to_date('2022-12-01 09:34:14','YYYY-MM-DD HH24:MI:SS'));
REM INSERTING into EVENT_GROUP_RESTRICTIONS
SET DEFINE OFF;
REM INSERTING into EVENT_LOGS
SET DEFINE OFF;
Insert into EVENT_LOGS (QUEUE_ID,LAP_ID,MESSAGE,CREATE_TS,BEGIN_TS,END_TS,FINISH_CD) values (1,1,'Purchase Order Loaded',to_timestamp('01-DEC-22 06.35.29.000000000 AM','DD-MON-RR HH.MI.SSXFF AM'),to_timestamp('01-DEC-22 06.38.29.000000000 AM','DD-MON-RR HH.MI.SSXFF AM'),to_timestamp('01-DEC-22 06.40.29.000000000 AM','DD-MON-RR HH.MI.SSXFF AM'),1);
Insert into EVENT_LOGS (QUEUE_ID,LAP_ID,MESSAGE,CREATE_TS,BEGIN_TS,END_TS,FINISH_CD) values (3,1,'Purchase Order Loaded',to_timestamp('01-DEC-22 06.35.29.000000000 AM','DD-MON-RR HH.MI.SSXFF AM'),to_timestamp('01-DEC-22 06.38.29.000000000 AM','DD-MON-RR HH.MI.SSXFF AM'),to_timestamp('01-DEC-22 06.42.29.000000000 AM','DD-MON-RR HH.MI.SSXFF AM'),1);
REM INSERTING into EVENT_PARAMETERS
SET DEFINE OFF;
Insert into EVENT_PARAMETERS (EVENT_DEFINITION_ID,SEQUENCE,PARAMETER_NAME,DATA_TYPE_ID,PARAMETER_SIZE,PARAMETER_TYPE,USER_ID,LAST_CHANGE_DATE) values (1,1,'i_dc_id',1,null,'in','asrajag',to_date('2022-12-01 09:32:30','YYYY-MM-DD HH24:MI:SS'));
REM INSERTING into EVENT_QUEUE_STATUS
SET DEFINE OFF;
Insert into EVENT_QUEUE_STATUS (ID,DESCRIPTION,USER_ID,LAST_CHANGE_DATE) values (1,'New','asrajag',to_date('2022-12-01 07:21:48','YYYY-MM-DD HH24:MI:SS'));
Insert into EVENT_QUEUE_STATUS (ID,DESCRIPTION,USER_ID,LAST_CHANGE_DATE) values (2,'Locked','asrajag',to_date('2022-12-01 07:21:48','YYYY-MM-DD HH24:MI:SS'));
Insert into EVENT_QUEUE_STATUS (ID,DESCRIPTION,USER_ID,LAST_CHANGE_DATE) values (3,'Released','asrajag',to_date('2022-12-01 07:21:48','YYYY-MM-DD HH24:MI:SS'));
Insert into EVENT_QUEUE_STATUS (ID,DESCRIPTION,USER_ID,LAST_CHANGE_DATE) values (4,'Cancelled','asrajag',to_date('2022-12-01 07:21:48','YYYY-MM-DD HH24:MI:SS'));
Insert into EVENT_QUEUE_STATUS (ID,DESCRIPTION,USER_ID,LAST_CHANGE_DATE) values (5,'Failed','asrajag',to_date('2022-12-01 07:21:48','YYYY-MM-DD HH24:MI:SS'));
Insert into EVENT_QUEUE_STATUS (ID,DESCRIPTION,USER_ID,LAST_CHANGE_DATE) values (6,'Completed','asrajag',to_date('2022-12-01 07:21:48','YYYY-MM-DD HH24:MI:SS'));
REM INSERTING into EVENT_QUEUES
SET DEFINE OFF;
Insert into EVENT_QUEUES (ID,PREVIOUS_ID,GROUP_ID,EVENT_DEFINITION_ID,ORGANIZATION_ID,STATUS_ID,RUN_AFTER_TM,USER_ID,LAST_CHANGE_DATE) values (1,null,1,1,4,6,to_date('2022-12-01 06:35:00','YYYY-MM-DD HH24:MI:SS'),'asrajag',to_date('2022-12-01 09:37:37','YYYY-MM-DD HH24:MI:SS'));
Insert into EVENT_QUEUES (ID,PREVIOUS_ID,GROUP_ID,EVENT_DEFINITION_ID,ORGANIZATION_ID,STATUS_ID,RUN_AFTER_TM,USER_ID,LAST_CHANGE_DATE) values (2,null,1,1,4,1,to_date('2022-12-01 07:05:00','YYYY-MM-DD HH24:MI:SS'),'asrajag',to_date('2022-12-01 09:37:37','YYYY-MM-DD HH24:MI:SS'));
Insert into EVENT_QUEUES (ID,PREVIOUS_ID,GROUP_ID,EVENT_DEFINITION_ID,ORGANIZATION_ID,STATUS_ID,RUN_AFTER_TM,USER_ID,LAST_CHANGE_DATE) values (3,null,1,1,5,6,to_date('2022-12-01 06:35:00','YYYY-MM-DD HH24:MI:SS'),'asrajag',to_date('2022-12-01 09:37:37','YYYY-MM-DD HH24:MI:SS'));
Insert into EVENT_QUEUES (ID,PREVIOUS_ID,GROUP_ID,EVENT_DEFINITION_ID,ORGANIZATION_ID,STATUS_ID,RUN_AFTER_TM,USER_ID,LAST_CHANGE_DATE) values (4,null,1,1,5,1,to_date('2022-12-01 07:05:00','YYYY-MM-DD HH24:MI:SS'),'asrajag',to_date('2022-12-01 09:37:38','YYYY-MM-DD HH24:MI:SS'));
REM INSERTING into EVENT_RESTRICTIONS
SET DEFINE OFF;
REM INSERTING into GROUP_EVENT_RESTRICTIONS
SET DEFINE OFF;
REM INSERTING into GROUP_EVENTS
SET DEFINE OFF;
Insert into GROUP_EVENTS (GROUP_ID,EVENT_DEFINITION_ID,SEQUENCE,USER_ID,LAST_CHANGE_DATE) values (1,1,1,'asrajag',to_date('2022-12-01 09:31:55','YYYY-MM-DD HH24:MI:SS'));
REM INSERTING into GROUP_RESTRICTIONS
SET DEFINE OFF;
REM INSERTING into GROUPS
SET DEFINE OFF;
Insert into GROUPS (ID,DESCRIPTION,APPLICATION_ID,CYCLE_ID,USER_ID,LAST_CHANGE_DATE) values (1,'Purchase Order',2,13,'asrajag',to_date('2022-12-01 09:29:32','YYYY-MM-DD HH24:MI:SS'));
REM INSERTING into HELPER_SQL_DETAILS
SET DEFINE OFF;
Insert into HELPER_SQL_DETAILS (HEADER_ID,ID,USER_ID,LAST_CHANGE_DATE) values (1,1,'asrajag',to_date('2022-12-01 09:50:37','YYYY-MM-DD HH24:MI:SS'));
Insert into HELPER_SQL_DETAILS (HEADER_ID,ID,USER_ID,LAST_CHANGE_DATE) values (2,1,'asrajag',to_date('2022-12-01 09:50:37','YYYY-MM-DD HH24:MI:SS'));
Insert into HELPER_SQL_DETAILS (HEADER_ID,ID,USER_ID,LAST_CHANGE_DATE) values (3,1,'asrajag',to_date('2022-12-01 09:57:40','YYYY-MM-DD HH24:MI:SS'));
REM INSERTING into HELPER_SQL_EXECUTION_POINTS
SET DEFINE OFF;
Insert into HELPER_SQL_EXECUTION_POINTS (ID,DESCRIPTION,USER_ID,LAST_CHANGE_DATE) values (1,'NA','asrajag',to_date('2022-12-01 09:42:27','YYYY-MM-DD HH24:MI:SS'));
Insert into HELPER_SQL_EXECUTION_POINTS (ID,DESCRIPTION,USER_ID,LAST_CHANGE_DATE) values (2,'BEGIN','asrajag',to_date('2022-12-01 09:42:27','YYYY-MM-DD HH24:MI:SS'));
Insert into HELPER_SQL_EXECUTION_POINTS (ID,DESCRIPTION,USER_ID,LAST_CHANGE_DATE) values (3,'END','asrajag',to_date('2022-12-01 09:42:27','YYYY-MM-DD HH24:MI:SS'));
REM INSERTING into HELPER_SQL_HEADERS
SET DEFINE OFF;
Insert into HELPER_SQL_HEADERS (ID,TYPE,EXECUTION_POINT_ID,REFERENCE_ID,SUB_REFERENCE_ID,USER_ID,LAST_CHANGE_DATE) values (1,1,1,22,null,'asrajag',to_date('2022-12-01 09:48:04','YYYY-MM-DD HH24:MI:SS'));
Insert into HELPER_SQL_HEADERS (ID,TYPE,EXECUTION_POINT_ID,REFERENCE_ID,SUB_REFERENCE_ID,USER_ID,LAST_CHANGE_DATE) values (2,1,1,23,null,'asrajag',to_date('2022-12-01 09:48:19','YYYY-MM-DD HH24:MI:SS'));
Insert into HELPER_SQL_HEADERS (ID,TYPE,EXECUTION_POINT_ID,REFERENCE_ID,SUB_REFERENCE_ID,USER_ID,LAST_CHANGE_DATE) values (3,1,1,24,null,'asrajag',to_date('2022-12-01 09:55:13','YYYY-MM-DD HH24:MI:SS'));
REM INSERTING into HELPER_SQL_TYPES
SET DEFINE OFF;
Insert into HELPER_SQL_TYPES (ID,DESCRIPTION,USER_ID,LAST_CHANGE_DATE) values (1,'GENERICS','asrajag',to_date('2022-12-01 09:40:48','YYYY-MM-DD HH24:MI:SS'));
Insert into HELPER_SQL_TYPES (ID,DESCRIPTION,USER_ID,LAST_CHANGE_DATE) values (2,'GROUP','asrajag',to_date('2022-12-01 09:40:48','YYYY-MM-DD HH24:MI:SS'));
Insert into HELPER_SQL_TYPES (ID,DESCRIPTION,USER_ID,LAST_CHANGE_DATE) values (3,'EVENT','asrajag',to_date('2022-12-01 09:40:48','YYYY-MM-DD HH24:MI:SS'));
REM INSERTING into INTERVAL_CONVERSIONS
SET DEFINE OFF;
Insert into INTERVAL_CONVERSIONS (UNIT,MEASURE_ID,CONVERTED_UNIT,CONVERTED_MEASURE_ID,USER_ID,LAST_CHANGE_DATE) values (1,2,60,1,'asrajag',to_date('2022-11-30 21:23:15','YYYY-MM-DD HH24:MI:SS'));
Insert into INTERVAL_CONVERSIONS (UNIT,MEASURE_ID,CONVERTED_UNIT,CONVERTED_MEASURE_ID,USER_ID,LAST_CHANGE_DATE) values (1,3,60,2,'asrajag',to_date('2022-11-30 21:23:15','YYYY-MM-DD HH24:MI:SS'));
Insert into INTERVAL_CONVERSIONS (UNIT,MEASURE_ID,CONVERTED_UNIT,CONVERTED_MEASURE_ID,USER_ID,LAST_CHANGE_DATE) values (1,4,24,3,'asrajag',to_date('2022-11-30 21:23:15','YYYY-MM-DD HH24:MI:SS'));
Insert into INTERVAL_CONVERSIONS (UNIT,MEASURE_ID,CONVERTED_UNIT,CONVERTED_MEASURE_ID,USER_ID,LAST_CHANGE_DATE) values (1,5,7,4,'asrajag',to_date('2022-11-30 21:23:15','YYYY-MM-DD HH24:MI:SS'));
Insert into INTERVAL_CONVERSIONS (UNIT,MEASURE_ID,CONVERTED_UNIT,CONVERTED_MEASURE_ID,USER_ID,LAST_CHANGE_DATE) values (1,7,12,6,'asrajag',to_date('2022-11-30 21:23:15','YYYY-MM-DD HH24:MI:SS'));
Insert into INTERVAL_CONVERSIONS (UNIT,MEASURE_ID,CONVERTED_UNIT,CONVERTED_MEASURE_ID,USER_ID,LAST_CHANGE_DATE) values (1,8,10,7,'asrajag',to_date('2022-11-30 21:23:15','YYYY-MM-DD HH24:MI:SS'));
REM INSERTING into INTERVAL_MEASURES
SET DEFINE OFF;
Insert into INTERVAL_MEASURES (ID,SYMBOL,DESCRIPTION,USER_ID,LAST_CHANGE_DATE) values (1,'SECOND','Second','asrajag',to_date('2022-11-30 21:20:49','YYYY-MM-DD HH24:MI:SS'));
Insert into INTERVAL_MEASURES (ID,SYMBOL,DESCRIPTION,USER_ID,LAST_CHANGE_DATE) values (2,'MINUTE','Minute','asrajag',to_date('2022-11-30 21:20:49','YYYY-MM-DD HH24:MI:SS'));
Insert into INTERVAL_MEASURES (ID,SYMBOL,DESCRIPTION,USER_ID,LAST_CHANGE_DATE) values (3,'HOUR','Hour','asrajag',to_date('2022-11-30 21:20:49','YYYY-MM-DD HH24:MI:SS'));
Insert into INTERVAL_MEASURES (ID,SYMBOL,DESCRIPTION,USER_ID,LAST_CHANGE_DATE) values (4,'DAY','Day','asrajag',to_date('2022-11-30 21:20:49','YYYY-MM-DD HH24:MI:SS'));
Insert into INTERVAL_MEASURES (ID,SYMBOL,DESCRIPTION,USER_ID,LAST_CHANGE_DATE) values (5,'WEEK','Week','asrajag',to_date('2022-11-30 21:20:49','YYYY-MM-DD HH24:MI:SS'));
Insert into INTERVAL_MEASURES (ID,SYMBOL,DESCRIPTION,USER_ID,LAST_CHANGE_DATE) values (6,'MONTH','Month','asrajag',to_date('2022-11-30 21:20:49','YYYY-MM-DD HH24:MI:SS'));
Insert into INTERVAL_MEASURES (ID,SYMBOL,DESCRIPTION,USER_ID,LAST_CHANGE_DATE) values (7,'YEAR','Year','asrajag',to_date('2022-11-30 21:20:49','YYYY-MM-DD HH24:MI:SS'));
Insert into INTERVAL_MEASURES (ID,SYMBOL,DESCRIPTION,USER_ID,LAST_CHANGE_DATE) values (8,'DECADE','Decade','asrajag',to_date('2022-11-30 21:20:49','YYYY-MM-DD HH24:MI:SS'));
REM INSERTING into MONTHS_IN_A_YEAR
SET DEFINE OFF;
Insert into MONTHS_IN_A_YEAR (ID,CODE,DESCRIPTION,USER_ID,LAST_CHANGE_DATE) values (1,'JAN','January','asrajag',to_date('2022-11-30 20:45:04','YYYY-MM-DD HH24:MI:SS'));
Insert into MONTHS_IN_A_YEAR (ID,CODE,DESCRIPTION,USER_ID,LAST_CHANGE_DATE) values (2,'FEB','February','asrajag',to_date('2022-11-30 20:45:04','YYYY-MM-DD HH24:MI:SS'));
Insert into MONTHS_IN_A_YEAR (ID,CODE,DESCRIPTION,USER_ID,LAST_CHANGE_DATE) values (3,'MAR','March','asrajag',to_date('2022-11-30 20:45:04','YYYY-MM-DD HH24:MI:SS'));
Insert into MONTHS_IN_A_YEAR (ID,CODE,DESCRIPTION,USER_ID,LAST_CHANGE_DATE) values (4,'APR','April','asrajag',to_date('2022-11-30 20:45:05','YYYY-MM-DD HH24:MI:SS'));
Insert into MONTHS_IN_A_YEAR (ID,CODE,DESCRIPTION,USER_ID,LAST_CHANGE_DATE) values (5,'MAY','May','asrajag',to_date('2022-11-30 20:45:05','YYYY-MM-DD HH24:MI:SS'));
Insert into MONTHS_IN_A_YEAR (ID,CODE,DESCRIPTION,USER_ID,LAST_CHANGE_DATE) values (6,'JUN','June','asrajag',to_date('2022-11-30 20:45:05','YYYY-MM-DD HH24:MI:SS'));
Insert into MONTHS_IN_A_YEAR (ID,CODE,DESCRIPTION,USER_ID,LAST_CHANGE_DATE) values (7,'JUL','July','asrajag',to_date('2022-11-30 20:45:05','YYYY-MM-DD HH24:MI:SS'));
Insert into MONTHS_IN_A_YEAR (ID,CODE,DESCRIPTION,USER_ID,LAST_CHANGE_DATE) values (8,'AUG','August','asrajag',to_date('2022-11-30 20:45:05','YYYY-MM-DD HH24:MI:SS'));
Insert into MONTHS_IN_A_YEAR (ID,CODE,DESCRIPTION,USER_ID,LAST_CHANGE_DATE) values (9,'SEP','September','asrajag',to_date('2022-11-30 20:45:05','YYYY-MM-DD HH24:MI:SS'));
Insert into MONTHS_IN_A_YEAR (ID,CODE,DESCRIPTION,USER_ID,LAST_CHANGE_DATE) values (10,'OCT','October','asrajag',to_date('2022-11-30 20:45:05','YYYY-MM-DD HH24:MI:SS'));
Insert into MONTHS_IN_A_YEAR (ID,CODE,DESCRIPTION,USER_ID,LAST_CHANGE_DATE) values (11,'NOV','November','asrajag',to_date('2022-11-30 20:45:05','YYYY-MM-DD HH24:MI:SS'));
Insert into MONTHS_IN_A_YEAR (ID,CODE,DESCRIPTION,USER_ID,LAST_CHANGE_DATE) values (12,'DEC','December','asrajag',to_date('2022-11-30 20:45:05','YYYY-MM-DD HH24:MI:SS'));
REM INSERTING into ORGANIZATION_TYPES
SET DEFINE OFF;
Insert into ORGANIZATION_TYPES (ID,CODE,DESCRIPTION,USER_ID,LAST_CHANGE_DATE) values (1,'CMP','Company','asrajag',to_date('2022-11-29 16:42:24','YYYY-MM-DD HH24:MI:SS'));
Insert into ORGANIZATION_TYPES (ID,CODE,DESCRIPTION,USER_ID,LAST_CHANGE_DATE) values (2,'SUBCMP','Sub-Company','asrajag',to_date('2022-11-29 16:42:24','YYYY-MM-DD HH24:MI:SS'));
Insert into ORGANIZATION_TYPES (ID,CODE,DESCRIPTION,USER_ID,LAST_CHANGE_DATE) values (3,'WHS','Warehouse','asrajag',to_date('2022-11-29 16:42:24','YYYY-MM-DD HH24:MI:SS'));
REM INSERTING into ORGANIZATIONS
SET DEFINE OFF;
Insert into ORGANIZATIONS (ID,TYPE,CODE,SHORT_NM,NAME,PARENT_ID,USER_ID,LAST_CHANGE_DATE) values (1,1,'MCL','MCL','McLane Company Inc.',null,'asrajag',to_date('2022-11-29 16:55:03','YYYY-MM-DD HH24:MI:SS'));
Insert into ORGANIZATIONS (ID,TYPE,CODE,SHORT_NM,NAME,PARENT_ID,USER_ID,LAST_CHANGE_DATE) values (2,2,'FS','FS','Food Service',1,'asrajag',to_date('2022-11-29 16:55:03','YYYY-MM-DD HH24:MI:SS'));
Insert into ORGANIZATIONS (ID,TYPE,CODE,SHORT_NM,NAME,PARENT_ID,USER_ID,LAST_CHANGE_DATE) values (3,2,'GRO','GRO','Grocery',1,'asrajag',to_date('2022-11-29 16:55:03','YYYY-MM-DD HH24:MI:SS'));
Insert into ORGANIZATIONS (ID,TYPE,CODE,SHORT_NM,NAME,PARENT_ID,USER_ID,LAST_CHANGE_DATE) values (4,3,'100','SW','Southwest',3,'asrajag',to_date('2022-11-29 16:55:03','YYYY-MM-DD HH24:MI:SS'));
Insert into ORGANIZATIONS (ID,TYPE,CODE,SHORT_NM,NAME,PARENT_ID,USER_ID,LAST_CHANGE_DATE) values (5,3,'360','MK','Cumberland',3,'asrajag',to_date('2022-11-29 16:55:04','YYYY-MM-DD HH24:MI:SS'));
Insert into ORGANIZATIONS (ID,TYPE,CODE,SHORT_NM,NAME,PARENT_ID,USER_ID,LAST_CHANGE_DATE) values (6,3,'606','FS06','Lakeland',2,'asrajag',to_date('2022-11-29 16:55:04','YYYY-MM-DD HH24:MI:SS'));
REM INSERTING into SUB_CYCLE_ADD
SET DEFINE OFF;
Insert into SUB_CYCLE_ADD (CYCLE_ID,INTERVAL_ID,UNITS,USER_ID,LAST_CHANGE_DATE) values (2,4,1,'asrajag',to_date('2022-12-01 08:35:19','YYYY-MM-DD HH24:MI:SS'));
Insert into SUB_CYCLE_ADD (CYCLE_ID,INTERVAL_ID,UNITS,USER_ID,LAST_CHANGE_DATE) values (5,5,1,'asrajag',to_date('2022-12-01 08:38:19','YYYY-MM-DD HH24:MI:SS'));
Insert into SUB_CYCLE_ADD (CYCLE_ID,INTERVAL_ID,UNITS,USER_ID,LAST_CHANGE_DATE) values (6,6,1,'asrajag',to_date('2022-12-01 08:38:49','YYYY-MM-DD HH24:MI:SS'));
Insert into SUB_CYCLE_ADD (CYCLE_ID,INTERVAL_ID,UNITS,USER_ID,LAST_CHANGE_DATE) values (7,6,3,'asrajag',to_date('2022-12-01 08:39:18','YYYY-MM-DD HH24:MI:SS'));
Insert into SUB_CYCLE_ADD (CYCLE_ID,INTERVAL_ID,UNITS,USER_ID,LAST_CHANGE_DATE) values (8,6,6,'asrajag',to_date('2022-12-01 08:45:35','YYYY-MM-DD HH24:MI:SS'));
Insert into SUB_CYCLE_ADD (CYCLE_ID,INTERVAL_ID,UNITS,USER_ID,LAST_CHANGE_DATE) values (9,7,1,'asrajag',to_date('2022-12-01 08:45:52','YYYY-MM-DD HH24:MI:SS'));
Insert into SUB_CYCLE_ADD (CYCLE_ID,INTERVAL_ID,UNITS,USER_ID,LAST_CHANGE_DATE) values (10,6,0.5,'asrajag',to_date('2022-12-01 09:01:09','YYYY-MM-DD HH24:MI:SS'));
Insert into SUB_CYCLE_ADD (CYCLE_ID,INTERVAL_ID,UNITS,USER_ID,LAST_CHANGE_DATE) values (11,6,2,'asrajag',to_date('2022-12-01 09:01:24','YYYY-MM-DD HH24:MI:SS'));
Insert into SUB_CYCLE_ADD (CYCLE_ID,INTERVAL_ID,UNITS,USER_ID,LAST_CHANGE_DATE) values (12,2,5,'asrajag',to_date('2022-12-01 09:03:41','YYYY-MM-DD HH24:MI:SS'));
Insert into SUB_CYCLE_ADD (CYCLE_ID,INTERVAL_ID,UNITS,USER_ID,LAST_CHANGE_DATE) values (13,2,30,'asrajag',to_date('2022-12-01 09:03:41','YYYY-MM-DD HH24:MI:SS'));
Insert into SUB_CYCLE_ADD (CYCLE_ID,INTERVAL_ID,UNITS,USER_ID,LAST_CHANGE_DATE) values (14,3,1,'asrajag',to_date('2022-12-01 09:03:41','YYYY-MM-DD HH24:MI:SS'));
Insert into SUB_CYCLE_ADD (CYCLE_ID,INTERVAL_ID,UNITS,USER_ID,LAST_CHANGE_DATE) values (15,3,2,'asrajag',to_date('2022-12-01 09:03:41','YYYY-MM-DD HH24:MI:SS'));
Insert into SUB_CYCLE_ADD (CYCLE_ID,INTERVAL_ID,UNITS,USER_ID,LAST_CHANGE_DATE) values (16,3,6,'asrajag',to_date('2022-12-01 09:03:41','YYYY-MM-DD HH24:MI:SS'));
Insert into SUB_CYCLE_ADD (CYCLE_ID,INTERVAL_ID,UNITS,USER_ID,LAST_CHANGE_DATE) values (17,3,12,'asrajag',to_date('2022-12-01 09:03:41','YYYY-MM-DD HH24:MI:SS'));
REM INSERTING into SUB_CYCLE_DAYS_OF_THE_WEEK
SET DEFINE OFF;
Insert into SUB_CYCLE_DAYS_OF_THE_WEEK (CYCLE_ID,DAY_ID,USER_ID,LAST_CHANGE_DATE) values (3,2,'asrajag',to_date('2022-12-01 08:37:16','YYYY-MM-DD HH24:MI:SS'));
Insert into SUB_CYCLE_DAYS_OF_THE_WEEK (CYCLE_ID,DAY_ID,USER_ID,LAST_CHANGE_DATE) values (3,3,'asrajag',to_date('2022-12-01 08:37:16','YYYY-MM-DD HH24:MI:SS'));
Insert into SUB_CYCLE_DAYS_OF_THE_WEEK (CYCLE_ID,DAY_ID,USER_ID,LAST_CHANGE_DATE) values (3,4,'asrajag',to_date('2022-12-01 08:37:16','YYYY-MM-DD HH24:MI:SS'));
Insert into SUB_CYCLE_DAYS_OF_THE_WEEK (CYCLE_ID,DAY_ID,USER_ID,LAST_CHANGE_DATE) values (3,5,'asrajag',to_date('2022-12-01 08:37:16','YYYY-MM-DD HH24:MI:SS'));
Insert into SUB_CYCLE_DAYS_OF_THE_WEEK (CYCLE_ID,DAY_ID,USER_ID,LAST_CHANGE_DATE) values (3,6,'asrajag',to_date('2022-12-01 08:37:16','YYYY-MM-DD HH24:MI:SS'));
Insert into SUB_CYCLE_DAYS_OF_THE_WEEK (CYCLE_ID,DAY_ID,USER_ID,LAST_CHANGE_DATE) values (4,1,'asrajag',to_date('2022-12-01 08:37:40','YYYY-MM-DD HH24:MI:SS'));
Insert into SUB_CYCLE_DAYS_OF_THE_WEEK (CYCLE_ID,DAY_ID,USER_ID,LAST_CHANGE_DATE) values (4,7,'asrajag',to_date('2022-12-01 08:37:40','YYYY-MM-DD HH24:MI:SS'));
Insert into SUB_CYCLE_DAYS_OF_THE_WEEK (CYCLE_ID,DAY_ID,USER_ID,LAST_CHANGE_DATE) values (18,2,'asrajag',to_date('2022-12-01 09:17:10','YYYY-MM-DD HH24:MI:SS'));
Insert into SUB_CYCLE_DAYS_OF_THE_WEEK (CYCLE_ID,DAY_ID,USER_ID,LAST_CHANGE_DATE) values (18,4,'asrajag',to_date('2022-12-01 09:17:10','YYYY-MM-DD HH24:MI:SS'));
Insert into SUB_CYCLE_DAYS_OF_THE_WEEK (CYCLE_ID,DAY_ID,USER_ID,LAST_CHANGE_DATE) values (18,6,'asrajag',to_date('2022-12-01 09:17:10','YYYY-MM-DD HH24:MI:SS'));
Insert into SUB_CYCLE_DAYS_OF_THE_WEEK (CYCLE_ID,DAY_ID,USER_ID,LAST_CHANGE_DATE) values (19,3,'asrajag',to_date('2022-12-01 09:17:10','YYYY-MM-DD HH24:MI:SS'));
Insert into SUB_CYCLE_DAYS_OF_THE_WEEK (CYCLE_ID,DAY_ID,USER_ID,LAST_CHANGE_DATE) values (19,5,'asrajag',to_date('2022-12-01 09:17:10','YYYY-MM-DD HH24:MI:SS'));
Insert into SUB_CYCLE_DAYS_OF_THE_WEEK (CYCLE_ID,DAY_ID,USER_ID,LAST_CHANGE_DATE) values (20,1,'asrajag',to_date('2022-12-01 09:18:49','YYYY-MM-DD HH24:MI:SS'));
Insert into SUB_CYCLE_DAYS_OF_THE_WEEK (CYCLE_ID,DAY_ID,USER_ID,LAST_CHANGE_DATE) values (20,3,'asrajag',to_date('2022-12-01 09:18:49','YYYY-MM-DD HH24:MI:SS'));
Insert into SUB_CYCLE_DAYS_OF_THE_WEEK (CYCLE_ID,DAY_ID,USER_ID,LAST_CHANGE_DATE) values (20,6,'asrajag',to_date('2022-12-01 09:18:49','YYYY-MM-DD HH24:MI:SS'));
Insert into SUB_CYCLE_DAYS_OF_THE_WEEK (CYCLE_ID,DAY_ID,USER_ID,LAST_CHANGE_DATE) values (21,2,'asrajag',to_date('2022-12-01 09:18:50','YYYY-MM-DD HH24:MI:SS'));
Insert into SUB_CYCLE_DAYS_OF_THE_WEEK (CYCLE_ID,DAY_ID,USER_ID,LAST_CHANGE_DATE) values (21,4,'asrajag',to_date('2022-12-01 09:18:50','YYYY-MM-DD HH24:MI:SS'));
Insert into SUB_CYCLE_DAYS_OF_THE_WEEK (CYCLE_ID,DAY_ID,USER_ID,LAST_CHANGE_DATE) values (21,5,'asrajag',to_date('2022-12-01 09:18:50','YYYY-MM-DD HH24:MI:SS'));
Insert into SUB_CYCLE_DAYS_OF_THE_WEEK (CYCLE_ID,DAY_ID,USER_ID,LAST_CHANGE_DATE) values (21,7,'asrajag',to_date('2022-12-01 09:18:50','YYYY-MM-DD HH24:MI:SS'));
REM INSERTING into SUB_CYCLE_GENERICS
SET DEFINE OFF;
Insert into SUB_CYCLE_GENERICS (CYCLE_ID,MEASURE_CODE,UNITS,USER_ID,LAST_CHANGE_DATE) values (22,'MONTH',1,'asrajag',to_date('2022-12-01 09:53:58','YYYY-MM-DD HH24:MI:SS'));
Insert into SUB_CYCLE_GENERICS (CYCLE_ID,MEASURE_CODE,UNITS,USER_ID,LAST_CHANGE_DATE) values (23,'MONTH',-1,'asrajag',to_date('2022-12-01 09:53:58','YYYY-MM-DD HH24:MI:SS'));
Insert into SUB_CYCLE_GENERICS (CYCLE_ID,MEASURE_CODE,UNITS,USER_ID,LAST_CHANGE_DATE) values (24,'MONTH',0.5,'asrajag',to_date('2022-12-01 09:54:38','YYYY-MM-DD HH24:MI:SS'));
REM INSERTING into SUB_CYCLE_MONTHS
SET DEFINE OFF;
REM INSERTING into SUB_CYCLE_TIME_IN_A_DAY
SET DEFINE OFF;
REM INSERTING into SUB_CYCLE_WEEKS_IN_A_MONTH
SET DEFINE OFF;
REM INSERTING into SUB_CYCLE_WEEKS_IN_A_YEAR
SET DEFINE OFF;
